"","sample_id","gender"
"1","test10001","M"
"2","test10002","M"
"3","test10003","F"
"4","test10004","F"
"5","test10005","M"
"6","test10006","M"
"7","test10007","F"
"8","test10008","F"
"9","test10009","F"
"10","test10010","F"
"11","test10011","F"
"12","test10012","F"
"13","test10013","M"
"14","test10014","F"
"15","test10015","F"
"16","test10016","F"
"17","test10017","F"
"18","test10018","M"
"19","test10019","M"
"20","test10020","M"
"21","test10021","F"
"22","test10022","F"
"23","test10023","F"
"24","test10024","F"
"25","test10025","M"
"26","test10026","F"
"27","test10027","M"
"28","test10028","M"
"29","test10029","F"
"30","test10030","F"
"31","test10031","F"
"32","test10032","F"
"33","test10033","F"
"34","test10034","M"
"35","test10035","F"
"36","test10036","M"
"37","test10037","M"
"38","test10038","M"
"39","test10039","F"
"40","test10040","M"
"41","test10041","F"
"42","test10042","M"
"43","test10043","M"
"44","test10044","M"
"45","test10045","F"
"46","test10046","M"
"47","test10047","M"
"48","test10048","F"
"49","test10049","F"
"50","test10050","F"
"51","test10051","F"
"52","test10052","F"
"53","test10053","F"
"54","test10054","F"
"55","test10055","M"
"56","test10056","F"
"57","test10057","F"
"58","test10058","F"
"59","test10059","M"
"60","test10060","M"
"61","test10061","F"
"62","test10062","F"
"63","test10063","F"
"64","test10064","F"
"65","test10065","F"
"66","test10066","F"
"67","test10067","F"
"68","test10068","F"
"69","test10069","F"
"70","test10070","F"
"71","test10071","F"
"72","test10072","F"
"73","test10073","F"
"74","test10074","F"
"75","test10075","F"
"76","test10076","F"
"77","test10077","F"
"78","test10078","M"
"79","test10079","F"
"80","test10080","F"
"81","test10081","M"
"82","test10082","F"
"83","test10083","F"
"84","test10084","M"
"85","test10085","M"
"86","test10086","F"
"87","test10087","F"
"88","test10088","M"
"89","test10089","M"
"90","test10090","F"
"91","test10091","F"
"92","test10092","M"
"93","test10093","F"
"94","test10094","M"
"95","test10095","M"
"96","test10096","M"
"97","test10097","F"
"98","test10098","F"
"99","test10099","M"
"100","test10100","F"
"101","test10101","M"
"102","test10102","F"
"103","test10103","F"
"104","test10104","M"
"105","test10105","F"
"106","test10106","F"
"107","test10107","F"
"108","test10108","F"
"109","test10109","M"
"110","test10110","F"
"111","test10111","F"
"112","test10112","F"
"113","test10113","M"
"114","test10114","M"
"115","test10115","F"
"116","test10116","M"
"117","test10117","M"
"118","test10118","F"
"119","test10119","F"
"120","test10120","F"
"121","test10121","F"
"122","test10122","F"
"123","test10123","M"
"124","test10124","F"
"125","test10125","F"
"126","test10126","M"
"127","test10127","F"
"128","test10128","M"
"129","test10129","F"
"130","test10130","F"
"131","test10131","F"
"132","test10132","M"
"133","test10133","M"
"134","test10134","F"
"135","test10135","F"
"136","test10136","M"
"137","test10137","F"
"138","test10138","F"
"139","test10139","F"
"140","test10140","F"
"141","test10141","F"
"142","test10142","F"
"143","test10143","M"
"144","test10144","F"
"145","test10145","F"
"146","test10146","F"
"147","test10147","M"
"148","test10148","M"
"149","test10149","F"
"150","test10150","M"
"151","test10151","F"
"152","test10152","M"
"153","test10153","F"
"154","test10154","M"
"155","test10155","F"
"156","test10156","F"
"157","test10157","F"
"158","test10158","F"
"159","test10159","M"
"160","test10160","F"
"161","test10161","F"
"162","test10162","F"
"163","test10163","F"
"164","test10164","F"
"165","test10165","F"
"166","test10166","M"
"167","test10167","F"
"168","test10168","F"
"169","test10169","F"
"170","test10170","M"
"171","test10171","F"
"172","test10172","M"
"173","test10173","F"
"174","test10174","F"
"175","test10175","F"
"176","test10176","F"
"177","test10177","M"
"178","test10178","F"
"179","test10179","M"
"180","test10180","F"
"181","test10181","F"
"182","test10182","M"
"183","test10183","F"
"184","test10184","F"
"185","test10185","M"
"186","test10186","F"
"187","test10187","F"
"188","test10188","F"
"189","test10189","F"
"190","test10190","F"
"191","test10191","F"
"192","test10192","F"
"193","test10193","F"
"194","test10194","F"
"195","test10195","F"
"196","test10196","F"
"197","test10197","F"
"198","test10198","F"
"199","test10199","F"
"200","test10200","F"
"201","test10201","F"
"202","test10202","F"
"203","test10203","M"
"204","test10204","M"
"205","test10205","M"
"206","test10206","M"
"207","test10207","M"
"208","test10208","F"
"209","test10209","F"
"210","test10210","F"
"211","test10211","F"
"212","test10212","F"
"213","test10213","F"
"214","test10214","F"
"215","test10215","F"
"216","test10216","F"
"217","test10217","M"
"218","test10218","M"
"219","test10219","M"
"220","test10220","M"
"221","test10221","M"
"222","test10222","M"
"223","test10223","M"
"224","test10224","F"
"225","test10225","F"
"226","test10226","F"
"227","test10227","F"
"228","test10228","F"
"229","test10229","F"
"230","test10230","F"
"231","test10231","F"
"232","test10232","F"
"233","test10233","M"
"234","test10234","M"
"235","test10235","M"
"236","test10236","M"
"237","test10237","M"
"238","test10238","M"
"239","test10239","F"
"240","test10240","F"
"241","test10241","F"
"242","test10242","F"
"243","test10243","F"
"244","test10244","F"
"245","test10245","F"
"246","test10246","F"
"247","test10247","F"
"248","test10248","F"
"249","test10249","M"
"250","test10250","M"
"251","test10251","M"
"252","test10252","M"
"253","test10253","M"
"254","test10254","M"
"255","test10255","M"
"256","test10256","M"
"257","test10257","M"
"258","test10258","F"
"259","test10259","F"
"260","test10260","F"
"261","test10261","M"
"262","test10262","F"
"263","test10263","F"
"264","test10264","F"
"265","test10265","F"
"266","test10266","F"
"267","test10267","F"
"268","test10268","F"
"269","test10269","F"
"270","test10270","F"
"271","test10271","F"
"272","test10272","F"
"273","test10273","F"
"274","test10274","M"
"275","test10275","M"
"276","test10276","F"
"277","test10277","F"
"278","test10278","F"
"279","test10279","F"
"280","test10280","F"
"281","test10281","F"
"282","test10282","F"
"283","test10283","F"
"284","test10284","F"
"285","test10285","F"
"286","test10286","F"
"287","test10287","F"
"288","test10288","F"
"289","test10289","F"
"290","test10290","F"
"291","test10291","F"
"292","test10292","F"
"293","test10293","F"
"294","test10294","F"
"295","test10295","F"
"296","test10296","F"
"297","test10297","F"
"298","test10298","F"
"299","test10299","M"
"300","test10300","M"
"301","test10301","M"
"302","test10302","M"
"303","test10303","M"
"304","test10304","M"
"305","test10305","M"
"306","test10306","M"
"307","test10307","M"
"308","test10308","F"
"309","test10309","F"
"310","test10310","F"
"311","test10311","F"
"312","test10312","F"
"313","test10313","F"
"314","test10314","F"
"315","test10315","F"
"316","test10316","M"
"317","test10317","M"
"318","test10318","M"
"319","test10319","M"
"320","test10320","M"
"321","test10321","F"
"322","test10322","F"
"323","test10323","F"
"324","test10324","F"
"325","test10325","F"
"326","test10326","F"
"327","test10327","F"
"328","test10328","F"
"329","test10329","F"
"330","test10330","F"
"331","test10331","F"
"332","test10332","F"
"333","test10333","F"
"334","test10334","F"
"335","test10335","F"
"336","test10336","F"
"337","test10337","F"
"338","test10338","F"
"339","test10339","F"
"340","test10340","F"
"341","test10341","F"
"342","test10342","F"
"343","test10343","F"
"344","test10344","F"
"345","test10345","F"
"346","test10346","F"
"347","test10347","F"
"348","test10348","F"
"349","test10349","M"
"350","test10350","M"
"351","test10351","M"
"352","test10352","M"
"353","test10353","M"
"354","test10354","M"
"355","test10355","M"
"356","test10356","M"
"357","test10357","M"
"358","test10358","M"
"359","test10359","M"
"360","test10360","M"
"361","test10361","F"
"362","test10362","F"
"363","test10363","F"
"364","test10364","F"
"365","test10365","F"
"366","test10366","F"
"367","test10367","M"
"368","test10368","M"
"369","test10369","F"
"370","test10370","F"
"371","test10371","F"
"372","test10372","F"
"373","test10373","F"
"374","test10374","F"
"375","test10375","F"
"376","test10376","M"
"377","test10377","M"
"378","test10378","M"
"379","test10379","M"
"380","test10380","M"
"381","test10381","M"
"382","test10382","M"
"383","test10383","F"
"384","test10384","F"
"385","test10385","F"
"386","test10386","F"
"387","test10387","F"
"388","test10388","F"
"389","test10389","F"
"390","test10390","F"
"391","test10391","F"
"392","test10392","F"
"393","test10393","F"
"394","test10394","F"
"395","test10395","F"
"396","test10396","F"
"397","test10397","F"
"398","test10398","M"
"399","test10399","M"
"400","test10400","M"
"401","test10401","M"
"402","test10402","M"
"403","test10403","M"
"404","test10404","M"
"405","test10405","M"
"406","test10406","M"
"407","test10407","M"
"408","test10408","M"
"409","test10409","M"
"410","test10410","M"
"411","test10411","M"
"412","test10412","M"
"413","test10413","M"
"414","test10414","M"
"415","test10415","M"
"416","test10416","M"
"417","test10417","M"
"418","test10418","F"
"419","test10419","F"
"420","test10420","M"
"421","test10421","F"
"422","test10422","M"
"423","test10423","M"
"424","test10424","F"
"425","test10425","M"
"426","test10426","M"
"427","test10427","M"
"428","test10428","F"
"429","test10429","F"
"430","test10430","M"
"431","test10431","M"
"432","test10432","F"
"433","test10433","F"
"434","test10434","F"
"435","test10435","M"
"436","test10436","F"
"437","test10437","F"
"438","test10438","M"
"439","test10439","M"
"440","test10440","F"
"441","test10441","M"
"442","test10442","M"
"443","test10443","F"
"444","test10444","F"
"445","test10445","M"
"446","test10446","F"
"447","test10447","M"
"448","test10448","M"
"449","test10449","F"
"450","test10450","F"
"451","test10451","F"
"452","test10452","M"
"453","test10453","F"
"454","test10454","F"
"455","test10455","F"
"456","test10456","M"
"457","test10457","M"
"458","test10458","F"
"459","test10459","F"
"460","test10460","F"
"461","test10461","M"
"462","test10462","F"
"463","test10463","F"
"464","test10464","F"
"465","test10465","F"
"466","test10466",""
"467","test10467","F"
"468","test10468","F"
"469","test10469","F"
"470","test10470","F"
"471","test10471",""
"472","test10472","M"
"473","test10473",""
"474","test10474",""
"475","test10475","F"
"476","test10476","F"
"477","test10477","F"
"478","test10478","F"
"479","test10479","F"
"480","test10480","M"
"481","test10481","M"
"482","test10482","M"
"483","test10483","F"
"484","test10484","F"
"485","test10485","F"
"486","test10486","F"
"487","test10487","F"
"488","test10488","F"
"489","test10489","F"
"490","test10490","F"
"491","test10491","F"
"492","test10492",""
"493","test10493",""
"494","test10494","F"
"495","test10495","M"
"496","test10496","F"
"497","test10497","F"
"498","test10498",""
"499","test10499","F"
"500","test10500","M"
"501","test10501",""
"502","test10502","M"
"503","test10503",""
"504","test10504","F"
"505","test10505","F"
"506","test10506","F"
"507","test10507","F"
"508","test10508","F"
"509","test10509","F"
"510","test10510","F"
"511","test10511","F"
"512","test10512","F"
"513","test10513","M"
"514","test10514","M"
"515","test10515","M"
"516","test10516","M"
"517","test10517","M"
"518","test10518","M"
"519","test10519","M"
"520","test10520","F"
"521","test10521","F"
"522","test10522","F"
"523","test10523","M"
"524","test10524","M"
"525","test10525","M"
"526","test10526","M"
"527","test10527","M"
"528","test10528","M"
"529","test10529","M"
"530","test10530","M"
"531","test10531","F"
"532","test10532","F"
"533","test10533","F"
"534","test10534","F"
"535","test10535","F"
"536","test10536","F"
"537","test10537","M"
"538","test10538","M"
"539","test10539","M"
"540","test10540","M"
"541","test10541","M"
"542","test10542","M"
"543","test10543","M"
"544","test10544","M"
"545","test10545","M"
"546","test10546","F"
"547","test10547","F"
"548","test10548","F"
"549","test10549","F"
"550","test10550","F"
"551","test10551","F"
"552","test10552","F"
"553","test10553","F"
"554","test10554","F"
"555","test10555","F"
"556","test10556","F"
"557","test10557","F"
"558","test10558","F"
"559","test10559","F"
"560","test10560","F"
"561","test10561","F"
"562","test10562","F"
"563","test10563","F"
"564","test10564","F"
"565","test10565","F"
"566","test10566","F"
"567","test10567","M"
"568","test10568","M"
"569","test10569","M"
"570","test10570","M"
"571","test10571","M"
"572","test10572","M"
"573","test10573","M"
"574","test10574","M"
"575","test10575","M"
"576","test10576","M"
"577","test10577","M"
"578","test10578","M"
"579","test10579","M"
"580","test10580","M"
"581","test10581","M"
"582","test10582","M"
"583","test10583","M"
"584","test10584","M"
"585","test10585","M"
"586","test10586","M"
"587","test10587","M"
"588","test10588","M"
"589","test10589","M"
"590","test10590","M"
"591","test10591","M"
"592","test10592","M"
"593","test10593","M"
"594","test10594","M"
"595","test10595","F"
"596","test10596","M"
"597","test10597","M"
"598","test10598","F"
"599","test10599","F"
"600","test10600","M"
"601","test10601","M"
"602","test10602","F"
"603","test10603","F"
"604","test10604","M"
"605","test10605","F"
"606","test10606","M"
"607","test10607","F"
"608","test10608","F"
"609","test10609","M"
"610","test10610","M"
"611","test10611","M"
"612","test10612","F"
"613","test10613","M"
"614","test10614","M"
"615","test10615","M"
"616","test10616","M"
"617","test10617","F"
"618","test10618","F"
"619","test10619","M"
"620","test10620","M"
"621","test10621","M"
"622","test10622","M"
"623","test10623","M"
"624","test10624","M"
"625","test10625","F"
"626","test10626","F"
"627","test10627","F"
"628","test10628","M"
"629","test10629","M"
"630","test10630","F"
"631","test10631","F"
"632","test10632","M"
"633","test10633","F"
"634","test10634","F"
"635","test10635","M"
"636","test10636","M"
"637","test10637","M"
"638","test10638","F"
"639","test10639","M"
"640","test10640","F"
"641","test10641","M"
"642","test10642","M"
"643","test10643","F"
"644","test10644","F"
"645","test10645","F"
"646","test10646","M"
"647","test10647","M"
"648","test10648","M"
"649","test10649","M"
"650","test10650","M"
"651","test10651","M"
"652","test10652","M"
"653","test10653","M"
"654","test10654","F"
"655","test10655","F"
"656","test10656","F"
"657","test10657","F"
"658","test10658","F"
"659","test10659","F"
"660","test10660","F"
"661","test10661","F"
"662","test10662","F"
"663","test10663","F"
"664","test10664","F"
"665","test10665","F"
"666","test10666","F"
"667","test10667","F"
"668","test10668","F"
"669","test10669","F"
"670","test10670","F"
"671","test10671","F"
"672","test10672","F"
"673","test10673","F"
"674","test10674","F"
"675","test10675","F"
"676","test10676","F"
"677","test10677","F"
"678","test10678","F"
"679","test10679","F"
"680","test10680","F"
"681","test10681","F"
"682","test10682","F"
"683","test10683","F"
"684","test10684","F"
"685","test10685","F"
"686","test10686","F"
"687","test10687","F"
"688","test10688","F"
"689","test10689","M"
"690","test10690","M"
"691","test10691","M"
"692","test10692","M"
"693","test10693","M"
"694","test10694","M"
"695","test10695","F"
"696","test10696","F"
"697","test10697","F"
"698","test10698","F"
"699","test10699","M"
"700","test10700","F"
"701","test10701","M"
"702","test10702","F"
"703","test10703","M"
"704","test10704","F"
"705","test10705","M"
"706","test10706","M"
"707","test10707","F"
"708","test10708","M"
"709","test10709","M"
"710","test10710","M"
"711","test10711","M"
"712","test10712","M"
"713","test10713","F"
"714","test10714","M"
"715","test10715","M"
"716","test10716","F"
"717","test10717","M"
"718","test10718","M"
"719","test10719","F"
"720","test10720","F"
"721","test10721","F"
"722","test10722","F"
"723","test10723","F"
"724","test10724","M"
"725","test10725","M"
"726","test10726","F"
"727","test10727","F"
"728","test10728","F"
"729","test10729","M"
"730","test10730","F"
"731","test10731","M"
"732","test10732","M"
"733","test10733","M"
"734","test10734","M"
"735","test10735","M"
"736","test10736","M"
"737","test10737","M"
"738","test10738","M"
"739","test10739","M"
"740","test10740","M"
"741","test10741","M"
"742","test10742","F"
"743","test10743","F"
"744","test10744","M"
"745","test10745","M"
"746","test10746","M"
"747","test10747","F"
"748","test10748","M"
"749","test10749","F"
"750","test10750","M"
"751","test10751","M"
"752","test10752","M"
"753","test10753","F"
"754","test10754","M"
"755","test10755","M"
"756","test10756","F"
"757","test10757","M"
"758","test10758","M"
"759","test10759","M"
"760","test10760","M"
"761","test10761","F"
"762","test10762","F"
"763","test10763","M"
"764","test10764","M"
"765","test10765","M"
"766","test10766","M"
"767","test10767","M"
"768","test10768","M"
"769","test10769","F"
"770","test10770","F"
"771","test10771","M"
"772","test10772","M"
"773","test10773","M"
"774","test10774","M"
"775","test10775","M"
"776","test10776","M"
"777","test10777","M"
"778","test10778","F"
"779","test10779","M"
"780","test10780","F"
"781","test10781","M"
"782","test10782","M"
"783","test10783","M"
"784","test10784","M"
"785","test10785","F"
"786","test10786","M"
"787","test10787","F"
"788","test10788","M"
"789","test10789","F"
"790","test10790","F"
"791","test10791",""
"792","test10792","F"
"793","test10793","M"
"794","test10794","M"
"795","test10795","F"
"796","test10796","F"
"797","test10797","F"
"798","test10798","F"
"799","test10799","M"
"800","test10800","F"
"801","test10801","M"
"802","test10802","M"
"803","test10803","M"
"804","test10804","F"
"805","test10805","M"
"806","test10806","M"
"807","test10807","M"
"808","test10808","F"
"809","test10809","F"
"810","test10810","M"
"811","test10811","F"
"812","test10812","F"
"813","test10813","M"
"814","test10814","F"
"815","test10815","F"
"816","test10816","F"
"817","test10817","M"
"818","test10818","M"
"819","test10819","F"
"820","test10820","F"
"821","test10821","F"
"822","test10822","M"
"823","test10823","M"
"824","test10824","M"
"825","test10825","F"
"826","test10826","F"
"827","test10827","F"
"828","test10828","F"
"829","test10829","F"
"830","test10830","F"
"831","test10831","F"
"832","test10832","F"
"833","test10833","F"
"834","test10834","F"
"835","test10835","F"
"836","test10836","F"
"837","test10837","F"
"838","test10838","F"
"839","test10839","M"
"840","test10840","M"
"841","test10841","M"
"842","test10842","M"
"843","test10843","M"
"844","test10844","M"
"845","test10845","M"
"846","test10846","M"
"847","test10847","M"
"848","test10848","M"
"849","test10849","M"
"850","test10850","M"
"851","test10851","M"
"852","test10852","M"
"853","test10853","M"
"854","test10854","M"
"855","test10855","M"
"856","test10856","F"
"857","test10857","M"
"858","test10858","M"
"859","test10859","M"
"860","test10860","M"
"861","test10861","F"
"862","test10862","F"
"863","test10863","M"
"864","test10864","F"
"865","test10865","M"
"866","test10866","F"
"867","test10867","M"
"868","test10868","F"
"869","test10869","F"
"870","test10870","F"
"871","test10871","M"
"872","test10872","F"
"873","test10873","M"
"874","test10874","M"
"875","test10875","M"
"876","test10876","M"
"877","test10877","M"
"878","test10878","F"
"879","test10879","F"
"880","test10880","M"
"881","test10881","M"
"882","test10882","F"
"883","test10883","M"
"884","test10884","M"
"885","test10885","F"
"886","test10886","M"
"887","test10887",""
"888","test10888",""
"889","test10889",""
"890","test10890",""
"891","test10891","F"
"892","test10892","F"
"893","test10893","F"
"894","test10894","M"
"895","test10895","M"
"896","test10896","M"
"897","test10897","M"
"898","test10898","M"
"899","test10899","M"
"900","test10900","M"
"901","test10901","M"
"902","test10902","M"
"903","test10903","F"
"904","test10904","M"
"905","test10905","F"
"906","test10906","M"
"907","test10907","M"
"908","test10908","F"
"909","test10909","M"
"910","test10910","F"
"911","test10911","F"
"912","test10912","M"
"913","test10913","F"
"914","test10914","M"
"915","test10915","F"
"916","test10916","F"
"917","test10917","M"
"918","test10918","M"
"919","test10919","F"
"920","test10920","F"
"921","test10921","F"
"922","test10922","M"
"923","test10923","F"
"924","test10924","F"
"925","test10925","M"
"926","test10926","M"
"927","test10927","M"
"928","test10928","M"
"929","test10929","F"
"930","test10930","M"
"931","test10931","F"
"932","test10932","F"
"933","test10933","F"
"934","test10934","F"
"935","test10935","F"
"936","test10936","M"
"937","test10937","F"
"938","test10938","F"
"939","test10939","F"
"940","test10940","M"
"941","test10941","M"
"942","test10942","M"
"943","test10943","M"
"944","test10944","M"
"945","test10945","M"
"946","test10946","F"
"947","test10947","M"
"948","test10948","F"
"949","test10949","M"
"950","test10950","F"
"951","test10951","F"
"952","test10952","F"
"953","test10953","F"
"954","test10954","F"
"955","test10955","F"
"956","test10956","M"
"957","test10957","M"
"958","test10958","F"
"959","test10959","M"
"960","test10960","F"
"961","test10961","F"
"962","test10962","M"
"963","test10963","F"
"964","test10964","F"
"965","test10965","F"
"966","test10966","F"
"967","test10967","M"
"968","test10968","F"
"969","test10969","M"
"970","test10970","F"
"971","test10971","M"
"972","test10972","M"
"973","test10973","F"
"974","test10974","F"
"975","test10975","F"
"976","test10976","M"
"977","test10977","F"
"978","test10978","M"
"979","test10979","M"
"980","test10980","M"
"981","test10981","M"
"982","test10982","F"
"983","test10983","M"
"984","test10984","F"
"985","test10985","M"
"986","test10986","M"
"987","test10987","M"
"988","test10988","M"
"989","test10989","F"
"990","test10990","F"
"991","test10991","F"
"992","test10992","M"
"993","test10993","M"
"994","test10994","F"
"995","test10995","M"
"996","test10996","M"
"997","test10997","M"
"998","test10998","M"
"999","test10999","M"
"1000","test11000","M"
"1001","test11001","F"
"1002","test11002","F"
"1003","test11003","F"
"1004","test11004","M"
"1005","test11005","M"
"1006","test11006","F"
"1007","test11007","F"
"1008","test11008","M"
"1009","test11009","F"
"1010","test11010","F"
"1011","test11011","M"
"1012","test11012","M"
"1013","test11013","F"
"1014","test11014","M"
"1015","test11015","F"
"1016","test11016","F"
"1017","test11017","M"
"1018","test11018","M"
"1019","test11019","F"
"1020","test11020","F"
"1021","test11021","F"
"1022","test11022","F"
"1023","test11023","F"
"1024","test11024","F"
"1025","test11025","F"
"1026","test11026","F"
"1027","test11027","F"
"1028","test11028","F"
"1029","test11029","F"
"1030","test11030","F"
"1031","test11031","F"
"1032","test11032","M"
"1033","test11033","M"
"1034","test11034","M"
"1035","test11035","M"
"1036","test11036","M"
"1037","test11037","M"
"1038","test11038","M"
"1039","test11039","M"
"1040","test11040","M"
"1041","test11041","M"
"1042","test11042","M"
"1043","test11043","M"
"1044","test11044","M"
"1045","test11045","M"
"1046","test11046","M"
"1047","test11047","M"
"1048","test11048","M"
"1049","test11049","M"
"1050","test11050","M"
"1051","test11051","M"
"1052","test11052","F"
"1053","test11053","F"
"1054","test11054","F"
"1055","test11055","F"
"1056","test11056","F"
"1057","test11057","F"
"1058","test11058","F"
"1059","test11059","F"
"1060","test11060","F"
"1061","test11061","F"
"1062","test11062","F"
"1063","test11063","M"
"1064","test11064","M"
"1065","test11065","M"
"1066","test11066","M"
"1067","test11067","M"
"1068","test11068","M"
"1069","test11069","M"
"1070","test11070","M"
"1071","test11071","M"
"1072","test11072","M"
"1073","test11073","M"
"1074","test11074","M"
"1075","test11075","M"
"1076","test11076","M"
"1077","test11077","M"
"1078","test11078","M"
"1079","test11079","M"
"1080","test11080","M"
"1081","test11081","M"
"1082","test11082","M"
"1083","test11083","M"
"1084","test11084","F"
"1085","test11085","F"
"1086","test11086","F"
"1087","test11087","F"
"1088","test11088","F"
"1089","test11089","F"
"1090","test11090","F"
"1091","test11091","F"
"1092","test11092","F"
"1093","test11093","F"
"1094","test11094","F"
"1095","test11095","F"
"1096","test11096","F"
"1097","test11097","F"
"1098","test11098","F"
"1099","test11099","F"
"1100","test11100","F"
"1101","test11101","F"
"1102","test11102","F"
"1103","test11103","F"
"1104","test11104","F"
"1105","test11105","F"
"1106","test11106","F"
"1107","test11107","F"
"1108","test11108","F"
"1109","test11109","F"
"1110","test11110","F"
"1111","test11111","F"
"1112","test11112","F"
"1113","test11113","F"
"1114","test11114","F"
"1115","test11115","F"
"1116","test11116","F"
"1117","test11117","F"
"1118","test11118","F"
"1119","test11119","F"
"1120","test11120","F"
"1121","test11121","F"
"1122","test11122","F"
"1123","test11123","F"
"1124","test11124","F"
"1125","test11125","F"
"1126","test11126","F"
"1127","test11127","F"
"1128","test11128","F"
"1129","test11129","M"
"1130","test11130","F"
"1131","test11131","F"
"1132","test11132","M"
"1133","test11133","F"
"1134","test11134","F"
"1135","test11135","F"
"1136","test11136","F"
"1137","test11137","M"
"1138","test11138","F"
"1139","test11139","F"
"1140","test11140","F"
"1141","test11141","F"
"1142","test11142","F"
"1143","test11143","F"
"1144","test11144","F"
"1145","test11145","F"
"1146","test11146","F"
"1147","test11147","F"
"1148","test11148","F"
"1149","test11149","F"
"1150","test11150","F"
"1151","test11151","F"
"1152","test11152","F"
"1153","test11153","M"
"1154","test11154","F"
"1155","test11155","F"
"1156","test11156","F"
"1157","test11157","F"
"1158","test11158","M"
"1159","test11159","F"
"1160","test11160","F"
"1161","test11161","F"
"1162","test11162","M"
"1163","test11163","F"
"1164","test11164","F"
"1165","test11165","F"
"1166","test11166","F"
"1167","test11167","F"
"1168","test11168","M"
"1169","test11169","M"
"1170","test11170","M"
"1171","test11171","F"
"1172","test11172","M"
"1173","test11173","F"
"1174","test11174","M"
"1175","test11175","F"
"1176","test11176","M"
"1177","test11177","M"
"1178","test11178","F"
"1179","test11179","F"
"1180","test11180","F"
"1181","test11181","F"
"1182","test11182","F"
"1183","test11183","F"
"1184","test11184","F"
"1185","test11185","F"
"1186","test11186","F"
"1187","test11187","F"
"1188","test11188","F"
"1189","test11189","F"
"1190","test11190","F"
"1191","test11191","F"
"1192","test11192","F"
"1193","test11193","F"
"1194","test11194","F"
"1195","test11195","F"
"1196","test11196","F"
"1197","test11197","F"
"1198","test11198","F"
"1199","test11199","F"
"1200","test11200","F"
"1201","test11201","F"
"1202","test11202","F"
"1203","test11203","F"
"1204","test11204","F"
"1205","test11205","F"
"1206","test11206","F"
"1207","test11207","F"
"1208","test11208","F"
"1209","test11209","F"
"1210","test11210","F"
"1211","test11211","F"
"1212","test11212","F"
"1213","test11213","F"
"1214","test11214","F"
"1215","test11215","F"
"1216","test11216","F"
"1217","test11217","F"
"1218","test11218","F"
"1219","test11219","F"
"1220","test11220","M"
"1221","test11221","M"
"1222","test11222","M"
"1223","test11223","M"
"1224","test11224","M"
"1225","test11225","M"
"1226","test11226","M"
"1227","test11227","F"
"1228","test11228","M"
"1229","test11229","M"
"1230","test11230","M"
"1231","test11231","M"
"1232","test11232","F"
"1233","test11233","M"
"1234","test11234","F"
"1235","test11235","F"
"1236","test11236","M"
"1237","test11237","F"
"1238","test11238","M"
"1239","test11239","M"
"1240","test11240","M"
"1241","test11241","M"
"1242","test11242","M"
"1243","test11243","M"
"1244","test11244","M"
"1245","test11245","M"
"1246","test11246","M"
"1247","test11247","M"
"1248","test11248","F"
"1249","test11249","F"
"1250","test11250","M"
"1251","test11251","M"
"1252","test11252","F"
"1253","test11253","M"
"1254","test11254","M"
"1255","test11255","F"
"1256","test11256","M"
"1257","test11257","M"
"1258","test11258","M"
"1259","test11259","M"
"1260","test11260","M"
"1261","test11261","M"
"1262","test11262","M"
"1263","test11263","M"
"1264","test11264","M"
"1265","test11265","F"
"1266","test11266","M"
"1267","test11267","M"
"1268","test11268","M"
"1269","test11269","M"
"1270","test11270","F"
"1271","test11271","F"
"1272","test11272","F"
"1273","test11273","F"
"1274","test11274","F"
"1275","test11275","F"
"1276","test11276","M"
"1277","test11277","F"
"1278","test11278","M"
"1279","test11279","M"
"1280","test11280","M"
"1281","test11281","F"
"1282","test11282","F"
"1283","test11283","M"
"1284","test11284","M"
"1285","test11285","F"
"1286","test11286","M"
"1287","test11287","M"
"1288","test11288","F"
"1289","test11289","F"
"1290","test11290","F"
"1291","test11291","F"
"1292","test11292","M"
"1293","test11293","F"
"1294","test11294","M"
"1295","test11295","M"
"1296","test11296","F"
"1297","test11297","M"
"1298","test11298","M"
"1299","test11299","M"
"1300","test11300","M"
"1301","test11301","M"
"1302","test11302","M"
"1303","test11303","M"
"1304","test11304","M"
"1305","test11305","F"
"1306","test11306","F"
"1307","test11307","M"
"1308","test11308","M"
"1309","test11309","F"
"1310","test11310","M"
"1311","test11311","M"
"1312","test11312","F"
"1313","test11313","F"
"1314","test11314","F"
"1315","test11315","F"
"1316","test11316","M"
"1317","test11317","F"
"1318","test11318","M"
"1319","test11319","M"
"1320","test11320","M"
"1321","test11321","M"
"1322","test11322","F"
"1323","test11323","M"
"1324","test11324","M"
"1325","test11325","F"
"1326","test11326","M"
"1327","test11327","F"
"1328","test11328","M"
"1329","test11329","M"
"1330","test11330","M"
"1331","test11331","M"
"1332","test11332","M"
"1333","test11333","F"
"1334","test11334","M"
"1335","test11335","M"
"1336","test11336","M"
"1337","test11337","M"
"1338","test11338","F"
"1339","test11339","F"
"1340","test11340","F"
"1341","test11341","M"
"1342","test11342","M"
"1343","test11343","M"
"1344","test11344","F"
"1345","test11345","M"
"1346","test11346","F"
"1347","test11347","M"
"1348","test11348","F"
"1349","test11349","F"
"1350","test11350","F"
"1351","test11351","M"
"1352","test11352","M"
"1353","test11353","F"
"1354","test11354","F"
"1355","test11355","F"
"1356","test11356","F"
"1357","test11357","M"
"1358","test11358","M"
"1359","test11359","F"
"1360","test11360","M"
"1361","test11361","F"
"1362","test11362","F"
"1363","test11363","M"
"1364","test11364","M"
"1365","test11365","F"
"1366","test11366","M"
"1367","test11367","M"
"1368","test11368","F"
"1369","test11369","M"
"1370","test11370","M"
"1371","test11371","M"
"1372","test11372","M"
"1373","test11373","M"
"1374","test11374","M"
"1375","test11375","M"
"1376","test11376","M"
"1377","test11377","M"
"1378","test11378","M"
"1379","test11379","M"
"1380","test11380","F"
"1381","test11381","F"
"1382","test11382","M"
"1383","test11383","F"
"1384","test11384","F"
"1385","test11385","M"
"1386","test11386","F"
"1387","test11387","M"
"1388","test11388","F"
"1389","test11389","M"
"1390","test11390","M"
"1391","test11391","M"
"1392","test11392","M"
"1393","test11393","M"
"1394","test11394","M"
"1395","test11395","M"
"1396","test11396","F"
"1397","test11397","M"
"1398","test11398","M"
"1399","test11399","F"
"1400","test11400","M"
"1401","test11401","F"
"1402","test11402","M"
"1403","test11403","F"
"1404","test11404","M"
"1405","test11405","M"
"1406","test11406","F"
"1407","test11407","F"
"1408","test11408","M"
"1409","test11409","M"
"1410","test11410","M"
"1411","test11411","M"
"1412","test11412","M"
"1413","test11413","F"
"1414","test11414","F"
"1415","test11415","F"
"1416","test11416","F"
"1417","test11417","F"
"1418","test11418","F"
"1419","test11419","F"
"1420","test11420","F"
"1421","test11421","F"
"1422","test11422","F"
"1423","test11423","F"
"1424","test11424","F"
"1425","test11425","F"
"1426","test11426","F"
"1427","test11427","F"
"1428","test11428","F"
"1429","test11429","F"
"1430","test11430","F"
"1431","test11431","F"
"1432","test11432","F"
"1433","test11433","F"
"1434","test11434","F"
"1435","test11435","M"
"1436","test11436","F"
"1437","test11437","F"
"1438","test11438","M"
"1439","test11439","F"
"1440","test11440","M"
"1441","test11441","M"
"1442","test11442","M"
"1443","test11443","F"
"1444","test11444","M"
"1445","test11445","M"
"1446","test11446","M"
"1447","test11447","M"
"1448","test11448","F"
"1449","test11449","M"
"1450","test11450","F"
"1451","test11451","M"
"1452","test11452","M"
"1453","test11453","F"
"1454","test11454","F"
"1455","test11455","F"
"1456","test11456","F"
"1457","test11457","F"
"1458","test11458","F"
"1459","test11459","F"
"1460","test11460","F"
"1461","test11461","F"
"1462","test11462","F"
"1463","test11463","M"
"1464","test11464","M"
"1465","test11465","F"
"1466","test11466","F"
"1467","test11467","F"
"1468","test11468","F"
"1469","test11469","F"
"1470","test11470","M"
"1471","test11471","F"
"1472","test11472","M"
"1473","test11473","M"
"1474","test11474","M"
"1475","test11475","M"
"1476","test11476","M"
"1477","test11477","M"
"1478","test11478","F"
"1479","test11479","M"
"1480","test11480","F"
"1481","test11481","M"
"1482","test11482","M"
"1483","test11483","F"
"1484","test11484","F"
"1485","test11485","M"
"1486","test11486","M"
"1487","test11487","M"
"1488","test11488","F"
"1489","test11489","F"
"1490","test11490","M"
"1491","test11491","M"
"1492","test11492","M"
"1493","test11493","M"
"1494","test11494","M"
"1495","test11495","M"
"1496","test11496","F"
"1497","test11497","F"
"1498","test11498","M"
"1499","test11499","M"
"1500","test11500","M"
"1501","test11501","F"
"1502","test11502","F"
"1503","test11503","M"
"1504","test11504","F"
"1505","test11505","F"
"1506","test11506","M"
"1507","test11507","F"
"1508","test11508","M"
"1509","test11509","F"
"1510","test11510","F"
"1511","test11511","F"
"1512","test11512","M"
"1513","test11513","F"
"1514","test11514","F"
"1515","test11515","M"
"1516","test11516","F"
"1517","test11517","F"
"1518","test11518","M"
"1519","test11519","M"
"1520","test11520","F"
"1521","test11521","F"
"1522","test11522","M"
"1523","test11523","F"
"1524","test11524","F"
"1525","test11525","M"
"1526","test11526","M"
"1527","test11527","F"
"1528","test11528","F"
"1529","test11529","M"
"1530","test11530","F"
"1531","test11531","M"
"1532","test11532","M"
"1533","test11533","M"
"1534","test11534","M"
"1535","test11535","M"
"1536","test11536","M"
"1537","test11537","F"
"1538","test11538","M"
"1539","test11539","F"
"1540","test11540","M"
"1541","test11541","M"
"1542","test11542","M"
"1543","test11543","F"
"1544","test11544","F"
"1545","test11545","F"
"1546","test11546","F"
"1547","test11547","F"
"1548","test11548","F"
"1549","test11549","F"
"1550","test11550","F"
"1551","test11551","F"
"1552","test11552","F"
"1553","test11553","F"
"1554","test11554","F"
"1555","test11555","F"
"1556","test11556","F"
"1557","test11557","F"
"1558","test11558","F"
"1559","test11559","F"
"1560","test11560","F"
"1561","test11561","F"
"1562","test11562","F"
"1563","test11563","F"
"1564","test11564","F"
"1565","test11565","F"
"1566","test11566","F"
"1567","test11567","F"
"1568","test11568","F"
"1569","test11569","F"
"1570","test11570","F"
"1571","test11571","F"
"1572","test11572","F"
"1573","test11573","F"
"1574","test11574","M"
"1575","test11575","M"
"1576","test11576","M"
"1577","test11577","M"
"1578","test11578","M"
"1579","test11579","M"
"1580","test11580","M"
"1581","test11581","M"
"1582","test11582","M"
"1583","test11583","M"
"1584","test11584","M"
"1585","test11585","M"
"1586","test11586","M"
"1587","test11587","M"
"1588","test11588","F"
"1589","test11589","M"
"1590","test11590","M"
"1591","test11591","F"
"1592","test11592","M"
"1593","test11593","M"
"1594","test11594","M"
"1595","test11595","M"
"1596","test11596","M"
"1597","test11597","F"
"1598","test11598","F"
"1599","test11599","F"
"1600","test11600","F"
"1601","test11601","M"
"1602","test11602","M"
"1603","test11603","F"
"1604","test11604","M"
"1605","test11605","M"
"1606","test11606","M"
"1607","test11607","M"
"1608","test11608","M"
"1609","test11609","M"
"1610","test11610","M"
"1611","test11611","F"
"1612","test11612","M"
"1613","test11613","M"
"1614","test11614","F"
"1615","test11615","M"
"1616","test11616","M"
"1617","test11617","F"
"1618","test11618","M"
"1619","test11619","M"
"1620","test11620","F"
"1621","test11621","F"
"1622","test11622","F"
"1623","test11623","M"
"1624","test11624","M"
"1625","test11625","M"
"1626","test11626","M"
"1627","test11627","M"
"1628","test11628","M"
"1629","test11629","M"
"1630","test11630","F"
"1631","test11631","M"
"1632","test11632","M"
"1633","test11633","M"
"1634","test11634","F"
"1635","test11635","M"
"1636","test11636","M"
"1637","test11637","F"
"1638","test11638","M"
"1639","test11639","M"
"1640","test11640","M"
"1641","test11641","M"
"1642","test11642","M"
"1643","test11643","F"
"1644","test11644","M"
"1645","test11645","M"
"1646","test11646","M"
"1647","test11647","F"
"1648","test11648","M"
"1649","test11649","F"
"1650","test11650","M"
"1651","test11651","M"
"1652","test11652","F"
"1653","test11653","F"
"1654","test11654","F"
"1655","test11655","M"
"1656","test11656","F"
"1657","test11657","M"
"1658","test11658","M"
"1659","test11659","M"
"1660","test11660","M"
"1661","test11661","M"
"1662","test11662","M"
"1663","test11663","M"
"1664","test11664","M"
"1665","test11665","M"
"1666","test11666","M"
"1667","test11667","F"
"1668","test11668","M"
"1669","test11669","M"
"1670","test11670","M"
"1671","test11671","M"
"1672","test11672","F"
"1673","test11673","M"
"1674","test11674","M"
"1675","test11675","F"
"1676","test11676","F"
"1677","test11677","M"
"1678","test11678","M"
"1679","test11679","M"
"1680","test11680","M"
"1681","test11681","F"
"1682","test11682","M"
"1683","test11683","F"
"1684","test11684","F"
"1685","test11685","M"
"1686","test11686","M"
"1687","test11687","F"
"1688","test11688","F"
"1689","test11689","M"
"1690","test11690","M"
"1691","test11691","M"
"1692","test11692","M"
"1693","test11693","M"
"1694","test11694","F"
"1695","test11695","M"
"1696","test11696","F"
"1697","test11697","F"
"1698","test11698","F"
"1699","test11699","F"
"1700","test11700","F"
"1701","test11701","F"
"1702","test11702","F"
"1703","test11703","F"
"1704","test11704","F"
"1705","test11705","M"
"1706","test11706","F"
"1707","test11707","F"
"1708","test11708","F"
"1709","test11709","F"
"1710","test11710","M"
"1711","test11711","M"
"1712","test11712","F"
"1713","test11713","M"
"1714","test11714","M"
"1715","test11715","M"
"1716","test11716","M"
"1717","test11717","M"
"1718","test11718","F"
"1719","test11719","M"
"1720","test11720","M"
"1721","test11721","F"
"1722","test11722","F"
"1723","test11723","M"
"1724","test11724","F"
"1725","test11725","F"
"1726","test11726","M"
"1727","test11727","F"
"1728","test11728","F"
"1729","test11729","F"
"1730","test11730","F"
"1731","test11731","M"
"1732","test11732","F"
"1733","test11733","M"
"1734","test11734","F"
"1735","test11735","F"
"1736","test11736","M"
"1737","test11737","M"
"1738","test11738","F"
"1739","test11739","M"
"1740","test11740","M"
"1741","test11741","F"
"1742","test11742","M"
"1743","test11743","F"
"1744","test11744","F"
"1745","test11745","M"
"1746","test11746","M"
"1747","test11747","M"
"1748","test11748","M"
"1749","test11749","M"
"1750","test11750","M"
"1751","test11751","M"
"1752","test11752","M"
"1753","test11753","F"
"1754","test11754","F"
"1755","test11755","F"
"1756","test11756","F"
"1757","test11757","F"
"1758","test11758","F"
"1759","test11759","F"
"1760","test11760","F"
"1761","test11761","F"
"1762","test11762","F"
"1763","test11763","F"
"1764","test11764","F"
"1765","test11765","F"
"1766","test11766","F"
"1767","test11767","F"
"1768","test11768","F"
"1769","test11769","F"
"1770","test11770","F"
"1771","test11771","M"
"1772","test11772","M"
"1773","test11773","M"
"1774","test11774","M"
"1775","test11775","M"
"1776","test11776","F"
"1777","test11777","M"
"1778","test11778","F"
"1779","test11779","F"
"1780","test11780","M"
"1781","test11781","F"
"1782","test11782","M"
"1783","test11783","M"
"1784","test11784","M"
"1785","test11785","F"
"1786","test11786","M"
"1787","test11787","M"
"1788","test11788","M"
"1789","test11789","F"
"1790","test11790","M"
"1791","test11791","F"
"1792","test11792","M"
"1793","test11793","M"
"1794","test11794","M"
"1795","test11795","F"
"1796","test11796","M"
"1797","test11797","M"
"1798","test11798","F"
"1799","test11799","M"
"1800","test11800","F"
"1801","test11801","F"
"1802","test11802","M"
"1803","test11803","M"
"1804","test11804","F"
"1805","test11805","M"
"1806","test11806","F"
"1807","test11807","F"
"1808","test11808","M"
"1809","test11809","F"
"1810","test11810","F"
"1811","test11811","M"
"1812","test11812","M"
"1813","test11813","M"
"1814","test11814","F"
"1815","test11815","F"
"1816","test11816","M"
"1817","test11817","F"
"1818","test11818","F"
"1819","test11819","M"
"1820","test11820","F"
"1821","test11821","F"
"1822","test11822","M"
"1823","test11823","M"
"1824","test11824","M"
"1825","test11825","F"
"1826","test11826","M"
"1827","test11827","M"
"1828","test11828","M"
"1829","test11829","M"
"1830","test11830","M"
"1831","test11831","M"
"1832","test11832","M"
"1833","test11833","M"
"1834","test11834","M"
"1835","test11835","F"
"1836","test11836","F"
"1837","test11837","M"
"1838","test11838","M"
"1839","test11839","M"
"1840","test11840","M"
"1841","test11841","M"
"1842","test11842","F"
"1843","test11843","M"
"1844","test11844","M"
"1845","test11845","F"
"1846","test11846","F"
"1847","test11847","M"
"1848","test11848","M"
"1849","test11849","F"
"1850","test11850","M"
"1851","test11851","F"
"1852","test11852","F"
"1853","test11853","F"
"1854","test11854","M"
"1855","test11855","M"
"1856","test11856","F"
"1857","test11857","F"
"1858","test11858","F"
"1859","test11859","M"
"1860","test11860","M"
"1861","test11861","F"
"1862","test11862","M"
"1863","test11863","M"
"1864","test11864","M"
"1865","test11865","M"
"1866","test11866","M"
"1867","test11867","F"
"1868","test11868","F"
"1869","test11869","M"
"1870","test11870","F"
"1871","test11871","M"
"1872","test11872","F"
"1873","test11873","M"
"1874","test11874","F"
"1875","test11875","M"
"1876","test11876","F"
"1877","test11877","M"
"1878","test11878","F"
"1879","test11879","F"
"1880","test11880","F"
"1881","test11881","F"
"1882","test11882","F"
"1883","test11883","F"
"1884","test11884","M"
"1885","test11885","F"
"1886","test11886","F"
"1887","test11887","F"
"1888","test11888","F"
"1889","test11889","F"
"1890","test11890","F"
"1891","test11891","M"
"1892","test11892","F"
"1893","test11893","M"
"1894","test11894","F"
"1895","test11895","M"
"1896","test11896","F"
"1897","test11897","F"
"1898","test11898","F"
"1899","test11899","F"
"1900","test11900","M"
"1901","test11901","F"
"1902","test11902","F"
"1903","test11903","F"
"1904","test11904","F"
"1905","test11905","F"
"1906","test11906","F"
"1907","test11907","M"
"1908","test11908","F"
"1909","test11909","M"
"1910","test11910","M"
"1911","test11911","F"
"1912","test11912","M"
"1913","test11913","M"
"1914","test11914","M"
"1915","test11915","M"
"1916","test11916","M"
"1917","test11917","M"
"1918","test11918","M"
"1919","test11919","F"
"1920","test11920","M"
"1921","test11921","M"
"1922","test11922","M"
"1923","test11923","F"
"1924","test11924","M"
"1925","test11925","M"
"1926","test11926","F"
"1927","test11927","M"
"1928","test11928","M"
"1929","test11929","M"
"1930","test11930","M"
"1931","test11931","F"
"1932","test11932","F"
"1933","test11933","M"
"1934","test11934","M"
"1935","test11935","F"
"1936","test11936","M"
"1937","test11937","M"
"1938","test11938","M"
"1939","test11939","F"
"1940","test11940","M"
"1941","test11941","F"
"1942","test11942","M"
"1943","test11943","M"
"1944","test11944","M"
"1945","test11945","M"
"1946","test11946","M"
"1947","test11947","M"
"1948","test11948","M"
"1949","test11949","F"
"1950","test11950","M"
"1951","test11951","M"
"1952","test11952","F"
"1953","test11953","M"
"1954","test11954","F"
"1955","test11955","F"
"1956","test11956","M"
"1957","test11957","M"
"1958","test11958","M"
"1959","test11959","M"
"1960","test11960","M"
"1961","test11961","F"
"1962","test11962","F"
"1963","test11963","M"
"1964","test11964","M"
"1965","test11965","M"
"1966","test11966","M"
"1967","test11967","M"
"1968","test11968","M"
"1969","test11969","F"
"1970","test11970","F"
"1971","test11971","F"
"1972","test11972","F"
"1973","test11973","M"
"1974","test11974","M"
"1975","test11975","M"
"1976","test11976","F"
"1977","test11977","F"
"1978","test11978","M"
"1979","test11979","F"
"1980","test11980","M"
"1981","test11981","M"
"1982","test11982","F"
"1983","test11983","M"
"1984","test11984","M"
"1985","test11985","F"
"1986","test11986","M"
"1987","test11987","F"
"1988","test11988","M"
"1989","test11989","M"
"1990","test11990","M"
"1991","test11991","M"
"1992","test11992","F"
"1993","test11993","M"
"1994","test11994","M"
"1995","test11995","F"
"1996","test11996","M"
"1997","test11997","M"
"1998","test11998","F"
"1999","test11999","F"
"2000","test12000","M"
"2001","test12001","M"
"2002","test12002","M"
"2003","test12003","F"
"2004","test12004","F"
"2005","test12005","F"
"2006","test12006","F"
"2007","test12007","F"
"2008","test12008","F"
"2009","test12009","F"
"2010","test12010","M"
"2011","test12011","F"
"2012","test12012","F"
"2013","test12013","F"
"2014","test12014","F"
"2015","test12015","M"
"2016","test12016","M"
"2017","test12017","F"
"2018","test12018","M"
"2019","test12019","M"
"2020","test12020","F"
"2021","test12021","F"
"2022","test12022","M"
"2023","test12023","F"
"2024","test12024","M"
"2025","test12025","F"
"2026","test12026","F"
"2027","test12027","F"
"2028","test12028","F"
"2029","test12029","M"
"2030","test12030","M"
"2031","test12031","M"
"2032","test12032","F"
"2033","test12033","M"
"2034","test12034","M"
"2035","test12035","F"
"2036","test12036","F"
"2037","test12037","F"
"2038","test12038","F"
"2039","test12039","M"
"2040","test12040","M"
"2041","test12041","M"
"2042","test12042","M"
"2043","test12043","F"
"2044","test12044","M"
"2045","test12045","F"
"2046","test12046","F"
"2047","test12047","M"
"2048","test12048","M"
"2049","test12049","F"
"2050","test12050","M"
"2051","test12051","M"
"2052","test12052","F"
"2053","test12053","F"
"2054","test12054","M"
"2055","test12055","M"
"2056","test12056","F"
"2057","test12057","F"
"2058","test12058","F"
"2059","test12059","F"
"2060","test12060","M"
"2061","test12061","M"
"2062","test12062","M"
"2063","test12063","M"
